111669149696,METHOD_PARAMETER_IN,,p1,,,BY_VALUE,1,false,,p1,,,1,,ANY
111669149697,METHOD_PARAMETER_IN,,p2,,,BY_VALUE,2,false,,p2,,,2,,ANY
111669149698,METHOD_PARAMETER_IN,,p1,,,BY_VALUE,1,false,,p1,,,1,,ANY
111669149699,METHOD_PARAMETER_IN,,p2,,,BY_VALUE,2,false,,p2,,,2,,ANY
111669149700,METHOD_PARAMETER_IN,,p1,,,BY_VALUE,1,false,,p1,,,1,,ANY
111669149701,METHOD_PARAMETER_IN,,p2,,,BY_VALUE,2,false,,p2,,,2,,ANY
111669149702,METHOD_PARAMETER_IN,,p1,,,BY_VALUE,1,false,,p1,,,1,,ANY
111669149703,METHOD_PARAMETER_IN,,p2,,,BY_VALUE,2,false,,p2,,,2,,ANY
111669149704,METHOD_PARAMETER_IN,,p1,,,BY_VALUE,1,false,,p1,,,1,,ANY
111669149705,METHOD_PARAMETER_IN,,p1,,,BY_VALUE,1,false,,p1,,,1,,ANY
